Experiment Group,Optimizer,Learning Rate,Batch Size,Filters,Dense Units,Kernel Size,Training Time (sec),Training Accuracy (final),Validation Accuracy (final),Test Accuracy,Overfitting Degree
optimizer,rmsprop,0.001,64,64,128,5,388.19,0.942,0.9155,0.9115,0.0265
network_width,adam,0.001,64,128,256,5,949.12,0.959,0.911,0.9107,0.048
batch_size,adam,0.001,32,64,128,5,625.75,0.9517,0.9095,0.9105,0.0422
optimizer,adamw,0.001,64,64,128,5,401.44,0.9426,0.9128,0.9098,0.0297
batch_size,adam,0.001,128,64,128,5,386.34,0.9334,0.9122,0.9093,0.0212
baseline,adam,0.001,64,64,128,5,396.15,0.9451,0.911,0.9065,0.0341
network_width,adam,0.001,64,32,64,5,249.65,0.9294,0.912,0.9051,0.0174
learning_rate,adam,0.0001,64,64,128,5,411.2,0.8917,0.8917,0.8838,0.0
learning_rate,adam,0.01,64,64,128,5,391.71,0.9231,0.8815,0.8746,0.0416
optimizer,sgd,0.001,64,64,128,5,410.65,0.7836,0.7857,0.7783,-0.002
